Co-culture ID,Strain 1,"Strain 1
fold growth
(T84)","coop coeff
c_12",Strain 2,"Strain 2
fold growth
(T84)","coop coeff
c_21",,,,,,,,,,,,,,,
1,H,0.0,2.80E-03,K,8.2,1.00E-04,,,,,,,,,,,,,,,
2,L,0.0,2.90E-03,W,8.6,1.00E-04,,,,,,,,,,,,,,,
3,F,0.1,5.10E-03,W,17.1,1.00E-04,,,,,,,,,,,,,,,
4,T,0.0,2.40E-03,W,8.6,1.00E-04,,,,,,,,,,,,,,,
5,S,0.0,1.70E-03,W,3.4,1.00E-04,,,,,,,,,,,,,,,
6,H,0.3,3.30E-03,F,19.7,1.00E-04,,,,,,,,,,,,,,,
7,C,1.7,4.40E-03,F,72.1,1.00E-04,,,,,,,,,,,,,,,
8,L,0.6,3.90E-03,K,22.6,1.00E-04,,,,,,,,,,,,,,,
9,H,0.2,2.20E-03,W,7.0,1.00E-04,,,,,,,,,,,,,,,
10,G,0.7,3.30E-03,F,17.1,1.00E-04,,,,,,,,,,,,,,,
11,K,2.1,4.80E-03,F,42.5,1.00E-03,,,,,,,,,,,,,,,
12,C,2.1,4.50E-03,K,30.5,1.20E-03,,,,,,,,,,,,,,,
13,P,0.7,2.80E-03,W,10.1,1.00E-04,,,,,,,,,,,,,,,
14,H,1.9,3.20E-03,M,12.9,8.00E-04,,,,,,,,,,,,,,,
15,G,10.3,1.10E-02,M,57.7,6.60E-03,,,,,,,,,,,,,,,
16,G,4.1,4.40E-03,K,20.9,2.20E-03,,,,,,,,,,,,,,,
17,G,0.9,2.10E-03,W,4.5,1.00E-04,,,,,,,,,,,,,,,
18,M,17.0,6.36E-03,T,80.8,4.03E-03,,,,,,,,,,,,,,,
19,R,0.8,1.90E-03,P,3.4,1.00E-04,,,,,,,,,,,,,,,
20,C,1.7,2.30E-03,W,6.9,5.00E-04,,,,,,,,,,,,,,,
21,I,4.8,3.78E-03,W,19.2,2.00E-03,,,,,,,,,,,,,,,
22,I,15.2,4.10E-03,F,51.0,2.60E-03,,,,,,,,,,,,,,,
23,R,11.7,7.70E-03,K,37.1,5.20E-03,,,,,,,,,,,,,,,
24,H,0.5,1.30E-03,Y,1.7,1.00E-04,,,,,,,,,,,,,,,
25,L,0.6,1.30E-03,P,1.8,1.00E-04,,,,,,,,,,,,,,,
26,R,2.2,2.50E-03,G,6.6,1.00E-03,,,,,,,,,,,,,,,
27,R,0.4,1.30E-03,H,1.2,1.00E-04,,,,,,,,,,,,,,,
28,F,1.3,1.70E-03,T,3.5,4.00E-04,,,,,,,,,,,,,,,
29,M,13.7,8.00E-03,P,36.5,6.08E-03,,,,,,,,,,,,,,,
30,M,6.7,4.10E-03,W,17.7,2.80E-03,,,,,,,,,,,,,,,
31,L,9.1,6.30E-03,M,20.9,4.65E-03,,,,,,,,,,,,,,,
32,R,7.8,3.20E-03,W,14.0,2.40E-03,,,,,,,,,,,,,,,
33,C,2.2,1.85E-03,P,3.8,1.10E-03,,,,,,,,,,,,,,,
34,S,0.5,1.00E-03,Y,0.9,3.10E-04,,,,,,,,,,,,,,,
35,C,0.4,9.00E-04,H,0.6,3.00E-04,,,,,,,,,,,,,,,
36,T,0.8,1.15E-03,Y,1.2,5.00E-04,,,,,,,,,,,,,,,
37,F,1.7,1.40E-03,S,2.1,1.10E-03,,,,,,,,,,,,,,,
38,P,3.5,1.90E-03,Y,4.5,1.60E-03,,,,,,,,,,,,,,,
39,H,1.2,1.10E-03,I,1.4,9.00E-04,,,,,,,,,,,,,,,
40,R,0.7,9.20E-04,C,0.9,7.20E-04,,,,,,,,,,,,,,,
41,L,1.2,9.00E-04,S,1.2,9.00E-04,,,,,,,,,,,,,,,
42,R,22.8,7.00E-03,M,19.8,7.30E-03,,,,,,,,,,,,,,,
43,C,1.7,1.10E-03,I,1.5,1.30E-03,,,,,,,,,,,,,,,
44,C,11.5,2.80E-03,G,9.5,3.00E-03,,,,,,,,,,,,,,,
45,R,13.2,2.40E-03,I,10.4,2.70E-03,,,,,,,,,,,,,,,
46,I,3.1,1.45E-03,Y,2.5,1.75E-03,,,,,,,,,,,,,,,
47,M,25.9,8.40E-03,F,19.5,9.24E-03,,,,,,,,,,,,,,,
48,S,0.3,3.00E-04,T,0.3,6.00E-04,,,,,,,,,,,,,,,
49,L,1.2,7.00E-04,T,0.8,1.10E-03,,,,,,,,,,,,,,,
50,C,1.2,6.50E-04,M,0.8,1.10E-03,,,,,,,,,,,,,,,
51,C,2.6,1.11E-03,Y,1.8,1.59E-03,,,,,,,,,,,,,,,
52,R,0.2,1.00E-04,T,0.2,5.60E-04,,,,,,,,,,,,,,,
53,C,1.9,8.00E-04,L,1.1,1.40E-03,,,,,,,,,,,,,,,
54,C,0.1,1.00E-04,T,0.1,3.00E-04,,,,,,,,,,,,,,,
55,I,35.7,5.20E-03,K,18.5,6.24E-03,,,,,,,,,,,,,,,
56,H,0.7,1.00E-04,T,0.3,9.00E-04,,,,,,,,,,,,,,,
57,K,21.5,3.45E-03,W,9.1,4.60E-03,,,,,,,,,,,,,,,
58,H,2.1,4.00E-04,P,0.9,1.50E-03,,,,,,,,,,,,,,,
59,I,1.9,2.50E-04,T,0.7,1.40E-03,,,,,,,,,,,,,,,
60,I,2.0,3.10E-04,S,0.8,1.50E-03,,,,,,,,,,,,,,,
61,R,10.5,1.20E-03,Y,4.1,2.40E-03,,,,,,,,,,,,,,,
62,I,3.6,5.10E-04,P,1.2,2.00E-03,,,,,,,,,,,,,,,
63,G,3.6,7.00E-04,I,1.2,2.10E-03,,,,,,,,,,,,,,,
64,I,71.3,8.10E-03,M,17.3,1.22E-02,,,,,,,,,,,,,,,
65,L,6.5,4.00E-04,Y,1.5,2.30E-03,,,,,,,,,,,,,,,
66,P,1.8,1.00E-04,S,0.4,1.50E-03,,,,,,,,,,,,,,,
67,H,1.0,1.00E-04,S,0.2,1.20E-03,,,,,,,,,,,,,,,
68,P,1.7,1.00E-04,T,0.3,1.50E-03,,,,,,,,,,,,,,,
69,R,1.9,1.00E-04,S,0.3,1.60E-03,,,,,,,,,,,,,,,
70,H,1.9,1.00E-04,L,0.3,1.60E-03,,,,,,,,,,,,,,,
71,L,29.7,7.00E-04,F,3.7,3.30E-03,,,,,,,,,,,,,,,
72,I,2.0,1.00E-04,L,0.2,1.70E-03,,,,,,,,,,,,,,,
73,G,3.9,1.00E-04,S,0.3,2.20E-03,,,,,,,,,,,,,,,
74,G,2.4,1.00E-04,T,0.2,1.80E-03,,,,,,,,,,,,,,,
75,M,2.9,1.00E-04,S,0.3,1.90E-03,,,,,,,,,,,,,,,
76,R,67.3,2.63E-03,F,5.1,7.13E-03,,,,,,,,,,,,,,,
77,M,50.2,2.04E-03,Y,3.4,6.36E-03,,,,,,,,,,,,,,,
78,K,47.9,3.30E-03,M,2.9,1.17E-02,,,,,,,,,,,,,,,
79,G,4.8,1.00E-04,P,0.2,2.50E-03,,,,,,,,,,,,,,,
80,W,23.1,1.00E-04,Y,1.1,3.80E-03,,,,,,,,,,,,,,,
81,G,1.4,1.00E-04,H,0.0,1.60E-03,,,,,,,,,,,,,,,
82,K,24.3,1.00E-04,S,0.7,4.30E-03,,,,,,,,,,,,,,,
83,F,55.6,3.10E-04,Y,1.6,1.20E-02,,,,,,,,,,,,,,,
84,F,23.3,1.00E-04,P,0.5,3.40E-03,,,,,,,,,,,,,,,
85,G,2.6,1.00E-04,Y,0.0,1.90E-03,,,,,,,,,,,,,,,
86,K,33.1,1.00E-04,Y,0.5,4.40E-03,,,,,,,,,,,,,,,
87,K,44.8,1.00E-04,T,0.6,4.80E-03,,,,,,,,,,,,,,,
88,K,23.4,1.00E-04,P,0.2,3.90E-03,,,,,,,,,,,,,,,
89,R,8.9,1.00E-04,L,0.1,1.90E-03,,,,,,,,,,,,,,,
90,G,3.4,1.00E-04,L,0.0,2.10E-03,,,,,,,,,,,,,,,
91,C,0.0,1.00E-04,S,0.0,1.00E-04,,,,,,,,,,,,,,,
,,,,,,,,,,,,,,,,,,,,,
,,,,,,,,,,,,,,,,,,,,,
,,,,,,,,,,,,,,,,,,,,,
,,,,,,,,,,,,,,,,,,,,,
,,,,,,,,,,,,,,,,,,,,,
,,,,,,,,,,,,,,,,,,,,,
,,,,,,,,,,,,,,,,,,,,,
,,,,,,,,,,,,,,,,,,,,,
,,,,,,,,,,,,,,,,,,,,,
,,,,,,,,,,,,,,,,,,,,,
,,,,,,,,,,,,,,,,,,,,,
,,,,,,,,,,,,,,,,,,,,,
,,,,,,,,,,,,,,,,,,,,,
,,,,,,,,,,,,,,,,,,,,,
,,,,,,,,,,,,,,,,,,,,,
,,,,,,,,,,,,,,,,,,,,,
,,,,,,,,,,,,,,,,,,,,,
,,,,,,,,,,,,,,,,,,,,,
,,,,,,,,,,,,,,,,,,,,,
,,,,,,,,,,,,,,,,,,,,,
,,,,,,,,,,,,,,,,,,,,,
,,,,,,,,,,,,,,,,,,,,,
,,,,,,,,,,,,,,,,,,,,,
,,,,,,,,,,,,,,,,,,,,,
,,,,,,,,,,,,,,,,,,,,,
,,,,,,,,,,,,,,,,,,,,,
,,,,,,,,,,,,,,,,,,,,,
,,,,,,,,,,,,,,,,,,,,,
,,,,,,,,,,,,,,,,,,,,,
,,,,,,,,,,,,,,,,,,,,,
,,,,,,,,,,,,,,,,,,,,,
,,,,,,,,,,,,,,,,,,,,,
,,,,,,,,,,,,,,,,,,,,,
,,,,,,,,,,,,,,,,,,,,,
,,,,,,,,,,,,,,,,,,,,,
,,,,,,,,,,,,,,,,,,,,,
,,,,,,,,,,,,,,,,,,,,,
,,,,,,,,,,,,,,,,,,,,,
,,,,,,,,,,,,,,,,,,,,,
,,,,,,,,,,,,,,,,,,,,,
,,,,,,,,,,,,,,,,,,,,,
,,,,,,,,,,,,,,,,,,,,,
,,,,,,,,,,,,,,,,,,,,,
,,,,,,,,,,,,,,,,,,,,,
,,,,,,,,,,,,,,,,,,,,,
,,,,,,,,,,,,,,,,,,,,,
,,,,,,,,,,,,,,,,,,,,,
,,,,,,,,,,,,,,,,,,,,,
,,,,,,,,,,,,,,,,,,,,,
,,,,,,,,,,,,,,,,,,,,,
,,,,,,,,,,,,,,,,,,,,,
,,,,,,,,,,,,,,,,,,,,,
,,,,,,,,,,,,,,,,,,,,,
,,,,,,,,,,,,,,,,,,,,,
,,,,,,,,,,,,,,,,,,,,,
,,,,,,,,,,,,,,,,,,,,,
,,,,,,,,,,,,,,,,,,,,,
,,,,,,,,,,,,,,,,,,,,,
,,,,,,,,,,,,,,,,,,,,,
,,,,,,,,,,,,,,,,,,,,,
,,,,,,,,,,,,,,,,,,,,,
,,,,,,,,,,,,,,,,,,,,,
,,,,,,,,,,,,,,,,,,,,,
,,,,,,,,,,,,,,,,,,,,,
,,,,,,,,,,,,,,,,,,,,,
,,,,,,,,,,,,,,,,,,,,,
,,,,,,,,,,,,,,,,,,,,,
,,,,,,,,,,,,,,,,,,,,,
,,,,,,,,,,,,,,,,,,,,,
,,,,,,,,,,,,,,,,,,,,,
,,,,,,,,,,,,,,,,,,,,,
,,,,,,,,,,,,,,,,,,,,,
,,,,,,,,,,,,,,,,,,,,,
,,,,,,,,,,,,,,,,,,,,,
,,,,,,,,,,,,,,,,,,,,,
,,,,,,,,,,,,,,,,,,,,,
,,,,,,,,,,,,,,,,,,,,,
,,,,,,,,,,,,,,,,,,,,,
,,,,,,,,,,,,,,,,,,,,,
,,,,,,,,,,,,,,,,,,,,,
,,,,,,,,,,,,,,,,,,,,,
,,,,,,,,,,,,,,,,,,,,,
,,,,,,,,,,,,,,,,,,,,,
,,,,,,,,,,,,,,,,,,,,,
,,,,,,,,,,,,,,,,,,,,,
,,,,,,,,,,,,,,,,,,,,,
,,,,,,,,,,,,,,,,,,,,,
,,,,,,,,,,,,,,,,,,,,,
,,,,,,,,,,,,,,,,,,,,,
,,,,,,,,,,,,,,,,,,,,,
,,,,,,,,,,,,,,,,,,,,,
,,,,,,,,,,,,,,,,,,,,,
,,,,,,,,,,,,,,,,,,,,,
,,,,,,,,,,,,,,,,,,,,,
,,,,,,,,,,,,,,,,,,,,,
,,,,,,,,,,,,,,,,,,,,,
,,,,,,,,,,,,,,,,,,,,,
,,,,,,,,,,,,,,,,,,,,,
,,,,,,,,,,,,,,,,,,,,,
,,,,,,,,,,,,,,,,,,,,,
,,,,,,,,,,,,,,,,,,,,,
,,,,,,,,,,,,,,,,,,,,,
,,,,,,,,,,,,,,,,,,,,,
,,,,,,,,,,,,,,,,,,,,,
,,,,,,,,,,,,,,,,,,,,,
